image_name,hobby,style,category,description,aesthetic_type,color_tone,skill_level,usage
gothic_fraktur_script.jpg,Calligraphy,Gothic Fraktur,Traditional Script,"A close-up photograph of a medieval Latin manuscript page hand-lettered in bold Gothic Fraktur script. The letters are written with dense, heavy strokes and dramatic angular flourishes using deep black iron gall ink on aged parchment. The capital letters feature intricate gold leaf gilding that catches the light.",Vintage Gothic,Deep Black and Gold,Advanced,Historical Restorations & Fine Art
copperplate_wedding_invite.jpg,Calligraphy,Copperplate Script,Elegant Calligraphy,"An elegant, flowing script written with a flexible pointed steel nib. The lettering features high contrast between fine hairline upstrokes and thick shaded downstrokes, executing delicate, sloped cursive on cream-colored handmade cardstock. Flourishes gracefully loop in symmetrical patterns around the text.",Elegant Classic,Warm Monochrome & Cream,Intermediate,Wedding Invitations & Luxury Stationery
japanese_shodo_zen.jpg,Calligraphy,Shodo (Japanese Brush),Eastern Calligraphy,"A raw, spontaneous black sumi ink brush stroke depicting the ensō (Zen circle) on textured, fibrous white washi paper. The brush fibers are visible at the edges of the stroke, reflecting the energy, breath, and motion of the calligrapher in a single, focused gesture.",Zen Minimalist,High-Contrast Black and Washi White,Advanced,Fine Art Prints & Meditation Decors
modern_brush_lettering.jpg,Calligraphy,Modern Brush Calligraphy,Modern Lettering,"Playful and fluid hand lettering executed with flexible felt-tip brush pens. The script features a modern bounce lettering style with irregular baseline alignments and colorful gradient transitions, blending pastel pinks, purples, and blues into a cheerful, expressive greeting message.",Vibrant & Playful,Pastel Rainbow & Neon Accents,Beginner,Greeting Cards & Social Media Graphics
faux_calligraphy_chalkboard.jpg,Calligraphy,Faux Calligraphy,Decorative Lettering,"Hand-lettered quote drawn with white chalk ink pens on a rustic slate chalkboard. The downstrokes are manually thickened to simulate the thick-and-thin variations of a flexible nib. The text is surrounded by hand-drawn laurel wreaths, botanical twigs, and charming starburst details.",Rustic Cozy,High-Contrast White on Slate Grey,Beginner,Café Signage & Home Décor
italic_hand_sonnet.jpg,Calligraphy,Italic Script,Classical Calligraphy,"A clear, beautifully sloped Renaissance-style cursive written with a medium broad-edge metal nib. The writing displays the classic 5-degree slant, with crisp, elliptical letterforms executing a Shakespearean sonnet. The rich sepia ink flows smoothly over a textured ivory cotton sheet.",Renaissance Academic,Sepia and Ivory Cream,Intermediate,Literary Portfolios & Historical Scrolls
uncial_celtic_monogram.jpg,Calligraphy,Uncial Script,Celtic Calligraphy,"Rounded, majestic insular script inspired by historical 8th-century Irish monastic texts. The bold, wide letters are written in rich emerald green and bright crimson inks using a broad quill. Circular characters are prominent, and the margins feature intricate Celtic knotwork illustrations.",Celtic Mythical,"Emerald Green, Deep Crimson, and Gold",Intermediate,"Monograms, Crests & Heritage Certificates"
foundational_hand_scroll.jpg,Calligraphy,Foundational Hand,Broad-edge Calligraphy,"Highly legible, circular, and clean script based on 10th-century English models. Executed with a steel broad-edge nib using rich indigo gouache on heavy hot-pressed paper. The letters exhibit generous, open counter spaces and robust, upright structure, perfect for formal academic citations.",Mid-Century Modern & Clean,Indigo Blue and Stark White,Beginner,"Formal Certificates, Diplomas & Declarations"
illumination_initial_letter.jpg,Calligraphy,Illuminated Lettering,Medieval Art,"A large, highly detailed historiated initial letter 'A' on a manuscript. The letter is surrounded by hand-drawn microscopic golden leaf filigree, deep lapis lazuli blue vine scrolls, and small crimson dragons climbing the shafts. The gold leaf glows brilliantly under a direct light beam.",Ornate Byzantine,"Royal Lapis Blue, Gold Foil, and Vermilion",Advanced,Historical Replicas & Premium Collectors Art
arabic_thuluth_panel.jpg,Calligraphy,Thuluth Script,Islamic Calligraphy,"A monumental, sweeping panel of Arabic calligraphy hand-carved and painted on a dark wooden screen. The Thuluth script, known for its elegant curved vertical lines and interlacing letterforms, is rendered with absolute precision. The letters are highlighted in pale ochre, contrasting with deep walnut grain.",Majestic Sacred,Ochre Yellow and Deep Walnut Brown,Advanced,Fine Wood Panels & Mosque Architecture
blackletter_graffiti_mural.jpg,Calligraphy,Calligraffiti,Urban Art,"A massive urban mural blending aggressive, modernized Gothic blackletter calligraphic forms with vibrant street art. Bold black strokes are spray-painted over abstract splashes of neon yellow, cyan, and hot pink, featuring drips, splatters, and dynamic motion layers on a textured brick wall.",Gritty Contemporary,"Neon Yellow, Splash Cyan, and Asphalt Black",Intermediate,Streetwear Apparel Designs & Public Murals
spencerian_business_hand.jpg,Calligraphy,Spencerian Script,19th Century Cursive,"Delicate, rapid cursive penmanship characterized by flowing lines, wide oval flourishes, and minimal shading. Written with an ultra-flexible gold fountain pen nib on ivory laid paper, the script forms elegant business correspondence of the late Victorian era, resembling wind-swept lace.",Vintage Americana,Dark Walnut Brown on Ivory Cream,Advanced,Personal luxury correspondence & Custom Monograms
milky_way_long_exposure.jpg,Photography,Astrophotography,Night Landscape,"A stunning 25-second long-exposure photograph capturing the bright galactic core of the Milky Way galaxy. The cosmic dust and colorful nebulae arch majestically over a silhouetted pine tree forest on a mountain peak. Pinpoint stars fill the clear, unpolluted night sky in deep detail.",Cosmic & Ethereal,"Deep Violet, Indigo Blue, and Starlight Silver",Advanced,Fine Art Gallery Prints & Astronomical Journals
macro_dew_dandelion.jpg,Photography,Macro Photography,Close-up Nature,"An extreme close-up macro shot with a shallow depth of field, focusing on a single seed of a dandelion. A tiny water droplet clings to the seed's fine hairs, acting as a perfect spherical lens that refracts a miniature, inverted image of a field of wildflowers behind it in the morning light.",Organic Detail,Soft Emerald Green and Dewdrop Silver,Intermediate,"Nature Books, Wall Art & Scientific Exhibits"
street_rain_tokyo.jpg,Photography,Street Photography,Candid Urban,"A candid night shot on a wet street in Tokyo. A lone pedestrian holding a transparent vinyl umbrella walks past bright, neon-lit restaurant signs. The colorful pink, blue, and yellow neon lights reflect beautifully in the puddles on the wet asphalt, creating a cinematic, futuristic atmosphere.",Cyberpunk Noir,"Neon Magenta, Cyan Blue, and Asphalt Grey",Intermediate,Editorial Portfolios & Cyberpunk Artwork
landscape_golden_gate.jpg,Photography,Landscape Photography,Scenic Vista,"A wide-angle scenic vista of the Golden Gate Bridge during sunrise. A thick, rolling bank of morning marine fog flows underneath the bridge, partially obscuring the water, while the tall orange towers pierce through the fog. The first rays of warm golden sunlight illuminate the bridge's cables.",Dreamy & Atmospheric,Golden Hour Orange and Ocean Mist Grey,Beginner,"Tourism Campaigns, Travel Guides & Calendars"
portrait_wrinkles_elderly.jpg,Photography,Portrait Photography,Human Character,"A highly detailed, tight close-up black and white portrait of an elderly carpenter in his workshop. The harsh side-lighting accentuates the deep wrinkles, weathered skin, and expressive eyes of the subject. Wood shavings and fine dust are visible in his beard, conveying a life of dedicated craft.",Authentic Realism,High-Contrast Black & White,Intermediate,Humanity Documentary Exhibits & Editorial Features
wildlife_cheetah_chase.jpg,Photography,Wildlife Photography,Action Capture,"An action-filled wildlife shot captured at a fast shutter speed of 1/2000s, freezing a cheetah in full sprint. The cheetah is suspended in mid-air, all four paws off the ground, eyes locked on target, with the golden grasses of the Serengeti savanna rendered into a soft, dynamic motion blur behind it.",High-Octane Action,Golden Savannah Yellow and Dust Brown,Advanced,Nature Publications & Educational Documentaries
architectural_minimalist_stairs.jpg,Photography,Architectural Photography,Minimalist Structure,"A top-down abstract photograph looking down a spiral concrete staircase. The steps form a perfect mathematical Fibonacci spiral that draws the eye toward the dark center. Subtle variations in concrete texture and sharp geometric shadows create a strong, clean graphic layout.",Geometric Abstraction,Monochromatic Concrete Grey and Dark Charcoal,Intermediate,Architecture Portfolios & Interior Design Magazines
sports_basketball_dunk.jpg,Photography,Sports Photography,Action Sports,"A low-angle, wide-angle shot capturing a basketball player rising above the rim for a powerful slam dunk. Captured with flash in a dark indoor arena, highlighting the player's tense muscles, droplets of sweat flying, and the dramatic, roaring, out-of-focus crowd in the background.",Dramatic Kinetic,High-Saturation Arena Orange and Deep Shadow,Intermediate,"Sports Marketing, Magazines & Athletic Branding"
food_steaming_ramen.jpg,Photography,Food Photography,Culinary Art,"A close-up, top-down styled food photograph of a steaming bowl of traditional Tonkotsu ramen. The shot showcases a perfect glistening soft-boiled egg cut in half, tender pork belly slices, bright green scallions, and delicate bamboo shoots, with wisps of rising hot steam catching a soft side light.",Warm & Savory,"Warm Umber Brown, Soy Amber, and Vibrant Green",Beginner,Restaurant Menu Design & Culinary Blogs
long_exposure_waterfall.jpg,Photography,Long-Exposure Landscape,Scenic Nature,"A long-exposure landscape photo of a hidden waterfall cascading down a narrow basalt canyon. A 2.0-second shutter speed turns the falling water into a smooth, silky white ribbon, contrasting with the dark, wet volcanic rock walls and the brilliant, vibrant green moss coating the stream banks.",Serene & Calming,Lush Forest Moss Green and Silk White,Intermediate,Spa/Wellness Wall Art & Environmental Calendars
fashion_neon_cyberpunk.jpg,Photography,Fashion Photography,Avant-Garde,"An avant-garde fashion photograph set in a narrow brick alleyway. The model, wearing structured, metallic silver clothing that highly reflects light, is illuminated solely by the intense purple and blue neon tubes of a nearby storefront. Shadows are deep, and smoke adds an atmospheric haze.",Cyberpunk Neon & Futuristic,"Electric Violet, Neon Cyan, and Reflective Chrome",Advanced,High-Fashion Editorials & Conceptual Art
aerial_ocean_reef.jpg,Photography,Drone/Aerial Photography,Earth Views,"A birds-eye-view aerial drone photograph looking straight down at an ocean coastline. Crystal-clear turquoise water waves break onto a vibrant coral reef, forming patterns of white sea foam. The sandy beach is a soft cream, with the shadows of tall palm trees projecting onto the sand.",Tropical Vibrance & Aerial Vista,"Turquoise Teal, Deep Azure Blue, and Coral Pink",Beginner,"Travel Agencies, Beach Resort Portfolios & Wallpaper"
macro_peacock_feather.jpg,Photography,Macro Photography,Abstract Pattern,"An extreme close-up macro photograph showing the microscopic structure of a peacock feather. The focus is razor-sharp on the individual iridescent barbules, catching the light to display rich shimmering shades of electric blue, emerald green, and deep gold in a perfect repeating pattern.",Vibrant Iridescent & Abstract,"Electric Peacock Blue, Emerald Green, and Radiant Gold",Intermediate,"Abstract Art Prints, Tech Wallpapers & Textiles"
modern_gothic_graffiti.jpg,Calligraphy,Modern Gothic Graffiti,Urban Lettering,Modern Githic style with urban formats,Cyberpunk Grunge,Acid Green,Intermediate,Streetwear apparel graphics
